Player,Span,Mat,Inns,NO,Runs,HS,Ave,BF,SR,100,50,0,4s,6s
Anand Rajan,2011-2012,6,-,-,-,-,-,-,-,-,-,-,-,-
Anirudh Singh,2010-2010,5,4,0,63,40,15.75,66,95.45,0,0,1,6,1
Ankit Sharma,2012-2012,9,4,1,18,15,6,13,138.46,0,0,0,0,2
A Ashish Reddy,2012-2012,9,5,1,35,10*,8.75,29,120.68,0,0,0,3,1
SB Bangar,2008-2008,11,7,1,47,17*,7.83,49,95.91,0,0,1,1,3
AA Bilakhia,2009-2010,7,7,2,69,22,13.8,85,81.17,0,0,0,5,0
B Chipli,2011-2012,19,17,6,244,61*,22.18,205,119.02,0,1,0,24,6
DT Christian,2011-2012,21,20,4,335,39,20.93,277,120.93,0,0,1,17,13
H Das,2008-2008,1,1,0,2,2,2,5,40,0,0,0,0,0
KH Devdhar,2011-2011,1,-,-,-,-,-,-,-,-,-,-,-,-
S Dhawan,2011-2012,29,29,3,969,95*,37.26,749,129.37,0,7,0,105,25
JP Duminy,2011-2012,19,19,6,449,74,34.53,364,123.35,0,3,0,22,19
FH Edwards,2009-2009,6,2,1,4,3*,4,5,80,0,0,0,0,0
HH Gibbs,2008-2010,33,33,3,805,69*,26.83,719,111.96,0,5,4,75,29
AC Gilchrist,2008-2010,46,46,1,1220,109*,27.11,828,147.34,1,7,4,136,64
MS Gony,2011-2012,9,3,1,4,4,2,10,40,0,0,1,0,0
Harmeet Singh,2009-2011,17,3,1,0,0*,0,1,0,0,0,2,0,0
DJ Harris,2012-2012,4,4,0,111,47,27.75,101,109.9,0,0,0,11,5
RJ Harris,2009-2010,16,10,5,66,15,13.2,57,115.78,0,0,0,2,2
IR Jaggi,2011-2012,5,5,1,43,25,10.75,58,74.13,0,0,0,3,0
Jaskaran Singh,2009-2010,8,5,4,8,4*,8,11,72.72,0,0,0,0,0
AA Jhunjhunwala,2012-2012,5,3,1,24,19,12,26,92.3,0,0,0,1,1
D Kalyankrishna,2008-2008,3,1,0,3,3,3,8,37.5,0,0,0,0,0
VVS Laxman,2008-2010,17,17,2,238,52,15.86,225,105.77,0,1,3,30,3
MJ Lumb,2011-2011,1,1,0,0,0,0,2,0,0,0,1,0,0
CA Lynn,2012-2012,1,1,0,6,6,6,9,66.66,0,0,0,1,0
I Malhotra,2011-2011,1,1,1,7,7*,-,4,175,0,0,0,1,0
MR Marsh,2010-2010,3,2,0,28,15,14,30,93.33,0,0,0,1,1
A Mishra,2011-2012,28,14,7,84,25*,12,69,121.73,0,0,4,10,1
MD Mishra,2010-2010,11,11,0,166,41,15.09,144,115.27,0,0,1,18,6
T Mishra,2012-2012,1,-,-,-,-,-,-,-,-,-,-,-,-
PP Ojha,2008-2011,54,14,6,6,2,0.75,19,31.57,0,0,5,0,0
PA Patel,2012-2012,14,13,2,194,45,17.63,165,117.57,0,0,1,19,4
V Pratap Singh,2012-2012,9,1,0,0,0,0,1,0,0,0,1,0,0
DB Ravi Teja,2008-2012,30,23,5,361,60,20.05,300,120.33,0,1,1,35,9
PA Reddy,2012-2012,5,4,1,73,42,24.33,59,123.72,0,0,0,6,2
KAJ Roach,2010-2010,2,1,0,10,10,10,9,111.11,0,0,0,1,0
BB Samantray,2012-2012,1,1,1,2,2*,-,2,100,0,0,0,0,0
KC Sangakkara,2011-2012,25,25,1,558,82,23.25,477,116.98,0,2,2,65,9
PM Sarvesh Kumar,2008-2008,2,1,1,1,1*,-,2,50,0,0,0,0,0
Shahid Afridi,2008-2008,10,9,1,81,33,10.12,46,176.08,0,0,1,7,6
I Sharma,2011-2011,12,5,5,4,1*,-,5,80,0,0,0,0,0
R Sharma,2010-2010,6,4,1,29,14*,9.66,26,111.53,0,0,1,3,1
RG Sharma,2008-2010,45,44,6,1170,76*,30.78,890,131.46,0,8,2,96,51
Shoaib Ahmed,2009-2009,8,3,1,1,1*,0.5,6,16.66,0,0,2,0,0
LPC Silva,2008-2008,3,3,1,40,23*,20,26,153.84,0,0,1,5,1
RP Singh,2008-2010,42,20,10,44,10,4.4,60,73.33,0,0,2,2,1
DR Smith,2009-2010,11,11,1,237,49,23.7,157,150.95,0,0,0,13,16
S Sohal,2011-2011,11,10,0,249,62,24.9,191,130.36,0,2,1,25,10
DW Steyn,2011-2012,24,11,2,55,13,6.11,56,98.21,0,0,0,3,1
SB Styris,2008-2009,10,9,2,126,36*,18,131,96.18,0,0,0,9,3
TP Sudhindra,2012-2012,3,1,1,0,0*,-,0,-,0,0,0,0,0
TL Suman,2009-2010,26,26,7,544,78*,28.63,447,121.7,0,2,2,41,20
B Sumanth,2010-2010,5,4,3,35,16,35,37,94.59,0,0,0,3,0
A Symonds,2008-2010,28,27,4,839,117*,36.47,612,137.09,1,5,0,65,38
J Theron,2012-2012,2,1,1,7,7*,-,6,116.66,0,0,0,1,0
WPUJC Vaas,2008-2010,13,11,3,81,20,10.12,73,110.95,0,0,3,2,3
Y Venugopal Rao,2008-2010,33,28,5,446,71*,19.39,367,121.52,0,2,2,31,19
DP Vijaykumar,2008-2008,9,2,2,1,1*,-,1,100,0,0,0,0,0
CL White,2011-2012,19,19,4,583,78,38.86,429,135.89,0,5,1,47,22
AS Yadav,2008-2008,8,6,1,49,16,9.8,39,125.64,0,0,1,5,2
DNT Zoysa,2008-2008,3,2,1,11,10*,11,9,122.22,0,0,0,1,0
P Amarnath,2008-2008,6,-,-,-,-,-,-,-,-,-,-,-,-
S Anirudha,2008-2013,19,12,5,133,64,19,108,123.14,0,1,2,9,7
KB Arun Karthik,2010-2010,1,1,1,3,3*,-,5,60,0,0,0,0,0
R Ashwin,2009-2015,97,31,11,190,23,9.5,202,94.05,0,0,3,19,1
S Badree,2014-2014,4,-,-,-,-,-,-,-,-,-,-,-,-
S Badrinath,2008-2013,95,67,20,1441,71*,30.65,1212,118.89,0,11,6,154,28
GJ Bailey,2009-2010,4,3,0,63,30,21,66,95.45,0,0,0,9,0
L Balaji,2008-2010,29,8,2,22,15,3.66,34,64.7,0,0,3,1,1
DE Bollinger,2010-2012,27,4,3,21,16*,21,23,91.3,0,0,0,1,1
DJ Bravo,2011-2015,61,45,19,706,62*,27.15,527,133.96,0,1,1,54,30
MS Dhoni,2008-2015,129,116,40,2987,70*,39.3,2144,139.31,0,15,3,218,126
F du Plessis,2012-2015,45,39,3,1081,73,30.02,843,128.23,0,6,2,92,29
SP Fleming,2008-2008,10,10,1,196,45,21.77,165,118.78,0,0,1,27,3
A Flintoff,2009-2009,3,3,1,62,24,31,53,116.98,0,0,0,5,2
C Ganapathy,2010-2010,1,1,1,0,0*,-,0,-,0,0,0,0,0
MS Gony,2008-2010,26,9,5,50,15*,12.5,36,138.88,0,0,0,2,5
JW Hastings,2014-2014,1,-,-,-,-,-,-,-,-,-,-,-,-
ML Hayden,2008-2010,32,32,2,1107,93,36.9,805,137.51,0,8,1,121,44
BW Hilfenhaus,2012-2014,17,1,1,0,0*,-,0,-,0,0,0,0,0
JO Holder,2013-2013,6,-,-,-,-,-,-,-,-,-,-,-,-
DJ Hussey,2014-2014,5,4,2,116,50*,58,94,123.4,0,1,0,8,6
MEK Hussey,2008-2015,50,49,7,1768,116*,42.09,1430,123.63,1,13,1,181,45
RA Jadeja,2012-2015,70,50,18,670,48,20.93,522,128.35,0,0,3,46,23
SB Jakati,2009-2012,50,7,6,27,13,27,27,100,0,0,0,3,0
Joginder Sharma,2008-2011,16,6,2,36,16*,9,30,120,0,0,2,1,2
S Randiv,2011-2011,8,1,0,2,2,2,4,50,0,0,0,0,0
CK Kapugedera,2008-2008,5,3,0,16,8,5.33,23,69.56,0,0,1,0,0
JM Kemp,2010-2010,5,2,0,26,22,13,24,108.33,0,0,0,1,1
KMDN Kulasekara,2011-2012,6,1,1,5,5*,-,3,166.66,0,0,0,1,0
B Laughlin,2013-2013,2,2,1,4,4*,4,9,44.44,0,0,1,0,0
BB McCullum,2014-2015,28,28,2,841,100*,32.34,613,137.19,1,5,0,83,42
VY Mahesh,2012-2012,5,-,-,-,-,-,-,-,-,-,-,-,-
M Manhas,2014-2014,12,5,3,35,13*,17.5,23,152.17,0,0,0,3,1
RG More,2015-2015,2,1,1,2,2*,-,2,100,0,0,0,0,0
JA Morkel,2008-2013,78,59,24,827,71,23.62,571,144.83,0,2,3,51,48
CH Morris,2013-2013,16,6,4,14,7*,7,16,87.5,0,0,1,0,0
A Mukund,2008-2008,2,1,0,0,0,0,1,0,0,0,1,0,0
M Muralitharan,2008-2010,40,6,2,9,4,2.25,13,69.23,0,0,1,1,0
DP Nannes,2013-2013,5,1,1,0,0*,-,0,-,0,0,0,0,0
P Negi,2014-2015,12,9,1,116,36,14.5,73,158.9,0,0,0,10,5
A Nehra,2014-2015,20,4,3,1,1*,1,7,14.28,0,0,1,0,0
M Ntini,2008-2008,9,2,1,11,11,11,18,61.11,0,0,0,2,0
JDP Oram,2008-2009,15,11,4,106,41*,15.14,105,100.95,0,0,0,6,5
IC Pandey,2014-2015,23,-,-,-,-,-,-,-,-,-,-,-,-
PA Patel,2008-2010,26,26,2,516,57,21.5,502,102.78,0,3,4,67,7
NLTC Perera,2010-2010,1,-,-,-,-,-,-,-,-,-,-,-,-
SK Raina,2008-2015,132,128,20,3699,100*,34.25,2646,139.79,1,25,7,321,150
AS Rajpoot,2013-2013,2,1,1,2,2*,-,6,33.33,0,0,0,0,0
WP Saha,2011-2013,14,7,2,144,46*,28.8,133,108.27,0,0,0,8,8
V Shankar,2014-2014,1,-,-,-,-,-,-,-,-,-,-,-,-
MM Sharma,2013-2015,47,9,5,29,21*,7.25,26,111.53,0,0,3,1,2
DR Smith,2014-2015,32,32,0,965,79,30.15,751,128.49,0,7,3,102,50
TG Southee,2011-2011,5,-,-,-,-,-,-,-,-,-,-,-,-
SB Styris,2011-2011,2,1,1,5,5*,-,2,250,0,0,0,1,0
T Thushara,2009-2010,6,4,2,12,8,6,18,66.66,0,0,0,0,0
S Tyagi,2009-2010,14,3,2,3,3*,3,4,75,0,0,1,0,0
S Vidyut,2008-2008,9,8,0,145,54,18.12,109,133.02,0,1,1,21,3
M Vijay,2009-2013,64,64,4,1600,127,26.66,1251,127.89,2,7,3,140,66
S Ladda,2010-2010,5,2,1,0,0*,0,9,0,0,0,1,0,0
AR Bawne,2017-2017,1,1,1,12,12*,-,12,100,0,0,0,1,0
VR Aaron,2011-2012,12,3,1,1,1,0.5,8,12.5,0,0,1,0,0
AB Agarkar,2011-2013,15,5,3,19,9*,9.5,22,86.36,0,0,1,1,0
MA Agarwal,2014-2016,21,21,1,355,68,17.75,293,121.16,0,2,1,38,11
CJ Anderson,2017-2017,11,11,4,142,41*,20.28,123,115.44,0,0,1,8,9
R Bhatia,2008-2010,22,11,1,66,21,6.6,63,104.76,0,0,2,4,4
SW Billings,2016-2017,11,10,0,226,55,22.6,168,134.52,0,2,1,23,5
TR Birt,2011-2011,5,5,0,75,27,15,58,129.31,0,0,0,9,2
J Botha,2013-2013,6,6,0,43,23,7.16,52,82.69,0,0,0,5,1
DAJ Bracewell,2012-2012,1,1,1,12,12*,-,9,133.33,0,0,0,1,0
CR Brathwaite,2016-2017,10,8,0,95,34,11.87,53,179.24,0,0,0,8,8
UBT Chand,2011-2013,13,13,0,196,41,15.07,204,96.07,0,0,3,19,7
B Chipli,2013-2013,1,1,0,16,16,16,18,88.88,0,0,0,1,1
PD Collingwood,2010-2010,8,7,2,203,75*,40.6,156,130.12,0,3,0,9,13
NM Coulter-Nile,2014-2016,17,8,4,29,7*,7.25,32,90.62,0,0,0,3,1
PJ Cummins,2017-2017,12,9,4,77,24,15.4,53,145.28,0,0,0,5,4
Q de Kock,2014-2016,23,23,1,720,108,32.72,534,134.83,1,5,0,89,21
AB de Villiers,2008-2010,28,26,5,671,105*,31.95,572,117.3,1,3,2,51,13
S Dhawan,2008-2008,14,14,5,340,68*,37.77,295,115.25,0,4,1,35,8
TM Dilshan,2008-2010,27,26,4,566,67*,25.72,473,119.66,0,4,3,62,16
AB Dinda,2011-2011,6,1,0,0,0,0,5,0,0,0,1,0,0
JP Duminy,2014-2016,38,35,12,1015,78*,44.13,776,130.79,0,6,0,62,43
AJ Finch,2011-2012,8,8,0,102,30,12.75,97,105.15,0,0,2,11,3
G Gambhir,2008-2010,40,39,4,1097,86,31.34,874,125.51,0,8,2,132,12
CM Gautam,2013-2015,4,4,1,48,30,16,39,123.07,0,0,0,4,1
B Geeves,2008-2008,2,-,-,-,-,-,-,-,-,-,-,-,-
Sunny Gupta,2012-2012,1,1,0,0,0,0,1,0,0,0,1,0,0
MC Henriques,2010-2010,1,1,0,11,11,11,5,220,0,0,0,2,0
JR Hopes,2011-2011,10,8,3,196,55,39.2,158,124.05,0,2,0,22,3
Imran Tahir,2014-2016,20,5,1,18,5,4.5,23,78.26,0,0,0,3,0
CA Ingram,2011-2011,3,3,1,21,13*,10.5,26,80.76,0,0,0,2,0
SS Iyer,2015-2017,32,32,3,807,96,27.82,628,128.5,0,6,5,79,32
KM Jadhav,2010-2015,41,37,14,566,63*,24.6,421,134.44,0,2,4,44,21
DPMD Jayawardene,2012-2013,31,30,3,666,66,24.66,611,109,0,5,1,78,9
MC Juneja,2013-2013,7,7,0,125,49,17.85,128,97.65,0,0,0,11,1
KD Karthik,2008-2014,56,49,8,1036,69,25.26,819,126.49,0,6,2,87,30
S Kaul,2013-2014,11,3,3,9,7*,-,11,81.81,0,0,0,0,0
Z Khan,2015-2017,30,5,2,10,4,3.33,26,38.46,0,0,0,1,0
AB McDonald,2009-2011,6,5,3,76,33*,38,63,120.63,0,0,0,3,2
GD McGrath,2008-2008,14,3,2,4,4*,4,5,80,0,0,1,1,0
MF Maharoof,2008-2010,20,14,4,177,39,17.7,123,143.9,0,0,2,12,9
VY Mahesh,2008-2010,13,5,3,15,6*,7.5,27,55.55,0,0,0,0,0
M Manhas,2008-2010,20,14,7,232,32*,33.14,211,109.95,0,0,2,21,1
AD Mathews,2015-2017,14,12,3,176,31,19.55,131,134.35,0,0,1,14,7
GJ Maxwell,2012-2012,2,2,1,6,3*,6,11,54.54,0,0,0,0,0
BMAJ Mendis,2013-2013,3,3,0,23,12,7.66,27,85.18,0,0,1,0,0
A Mishra,2008-2017,71,27,12,163,31,10.86,191,85.34,0,0,3,8,4
Mohammad Asif,2008-2008,8,2,0,3,3,1.5,6,50,0,0,1,0,0
Mohammed Shami,2014-2017,28,12,6,41,21,6.83,35,117.14,0,0,1,4,2
JA Morkel,2015-2015,4,3,2,86,73*,86,65,132.3,0,1,0,9,2
M Morkel,2011-2013,37,15,6,100,23*,11.11,59,169.49,0,0,5,9,4
CH Morris,2016-2017,21,16,8,349,82*,43.62,203,171.92,0,2,1,30,18
DJ Muthuswami,2015-2015,6,2,1,1,1,1,3,33.33,0,0,0,0,0
S Nadeem,2011-2017,55,18,6,26,6,2.16,70,37.14,0,0,5,1,0
Y Nagar,2009-2012,26,20,6,285,44*,20.35,259,110.03,0,0,2,20,9
KK Nair,2016-2017,28,25,2,638,83*,27.73,523,121.98,0,4,1,79,12
DP Nannes,2009-2010,22,2,1,4,3,4,13,30.76,0,0,0,0,0
JDS Neesham,2014-2014,4,3,0,42,22,14,46,91.3,0,0,0,3,1
P Negi,2012-2016,17,10,6,93,19*,23.25,88,105.68,0,0,0,6,4
A Nehra,2009-2013,27,8,3,25,22*,5,29,86.2,0,0,3,2,1
NV Ojha,2011-2013,34,32,7,424,64*,16.96,395,107.34,0,1,2,33,24
RR Pant,2016-2017,24,24,2,564,97,25.63,373,151.2,0,3,3,47,30
WD Parnell,2014-2014,8,2,1,2,2,2,2,100,0,0,0,0,0
IK Pathan,2011-2013,46,37,14,468,44*,20.34,416,112.5,0,0,2,35,15
KP Pietersen,2012-2014,19,19,4,599,103*,39.93,440,136.13,1,2,1,56,27
K Rabada,2017-2017,6,3,0,55,44,18.33,64,85.93,0,0,1,5,1
BJ Rohrer,2013-2013,8,8,2,193,64*,32.16,140,137.85,0,1,0,21,5
AD Russell,2012-2013,7,4,0,58,31,14.5,40,145,0,0,0,3,3
AM Salvi,2009-2011,7,-,-,-,-,-,-,-,-,-,-,-,-
SV Samson,2016-2017,28,28,3,677,102,27.08,532,127.25,1,3,2,52,27
MN Samuels,2017-2017,5,4,0,29,27,7.25,31,93.54,0,0,1,1,2
GS Sandhu,2015-2015,3,-,-,-,-,-,-,-,-,-,-,-,-
PJ Sangwan,2008-2010,28,9,5,18,6*,4.5,29,62.06,0,0,2,0,0
V Sehwag,2008-2013,79,79,5,2174,119,29.37,1356,160.32,1,15,6,266,85
R Sharma,2014-2014,2,-,-,-,-,-,-,-,-,-,-,-,-
Shoaib Malik,2008-2008,7,5,1,52,24,13,47,110.63,0,0,0,5,0
LR Shukla,2014-2014,5,3,0,31,21,10.33,38,81.57,0,0,1,2,1
R Shukla,2014-2014,3,3,2,18,14,18,21,85.71,0,0,0,2,0
S Sriram,2011-2011,1,1,0,4,4,4,7,57.14,0,0,0,0,0
AP Tare,2017-2017,3,3,0,18,18,6,23,78.26,0,0,2,3,0
LRPL Taylor,2012-2014,16,16,3,256,55,19.69,230,111.3,0,1,1,18,7
MK Tiwary,2008-2015,24,19,7,322,61*,26.83,272,118.38,0,1,2,39,5
SS Tiwary,2015-2015,7,6,6,109,28*,-,78,139.74,0,0,0,9,5
JD Unadkat,2014-2015,10,2,1,1,1*,1,6,16.66,0,0,1,0,0
RE van der Merwe,2011-2013,10,6,4,36,14,18,41,87.8,0,0,0,3,0
Y Venugopal Rao,2011-2013,25,21,3,468,60,26,406,115.27,0,1,0,38,18
DL Vettori,2008-2010,12,7,4,67,29,22.33,59,113.55,0,0,0,7,0
M Vijay,2014-2014,11,11,0,207,52,18.81,192,107.81,0,1,1,20,5
MS Wade,2011-2011,3,3,0,22,11,7.33,33,66.66,0,0,0,0,0
DA Warner,2009-2013,55,55,5,1435,109*,28.7,1078,133.11,2,10,5,146,58
J Yadav,2015-2017,10,2,0,6,5,3,10,60,0,0,0,0,0
UT Yadav,2010-2013,47,14,10,44,12*,11,54,81.48,0,0,2,3,1
Yuvraj Singh,2015-2015,14,13,0,248,57,19.07,210,118.09,0,2,1,23,10
S Ladda,,1,-,-,-,-,-,-,-,-,-,-,-,-
AD Nath,,5,4,0,20,12,5,28,71.42,0,0,1,1,0
SS Agarwal,,1,-,-,-,-,-,-,-,-,-,-,-,-
Ankit Soni,,7,3,1,7,7*,3.5,9,77.77,0,0,2,0,1
Basil Thampi,,12,5,5,28,13*,-,28,100,0,0,0,1,1
DJ Bravo,,15,13,5,99,22*,12.37,82,120.73,0,0,1,11,1
ER Dwivedi,,4,2,0,24,19,12,14,171.42,0,0,0,2,2
JP Faulkner,,15,11,4,131,32,18.71,116,112.93,0,0,0,11,0
AJ Finch,,26,25,3,692,74,31.45,479,144.46,0,7,3,70,30
MS Gony,,1,-,-,-,-,-,-,-,-,-,-,-,-
Ishan Kishan,,16,15,0,319,61,21.26,247,129.14,0,1,1,34,13
RA Jadeja,,27,25,12,349,36*,26.84,290,120.34,0,0,1,27,8
SB Jakati,,8,1,1,1,1*,-,2,50,0,0,0,0,0
KD Karthik,,30,28,5,696,65,30.26,525,132.57,0,5,2,68,14
S Kaushik,,10,2,1,0,0*,0,1,0,0,0,1,0,0
DS Kulkarni,,20,6,3,28,10,9.33,18,155.55,0,0,0,3,0
P Kumar,,22,9,4,32,15,6.4,35,91.42,0,0,1,3,0
BB McCullum,,27,27,0,673,72,24.92,479,140.5,0,3,1,67,34
MM Patel,,2,1,0,0,0,0,1,0,0,0,1,0,0
IK Pathan,,1,1,0,2,2,2,3,66.66,0,0,0,0,0
SK Raina,,29,29,4,841,84,33.64,619,135.86,0,6,0,81,23
JJ Roy,,3,3,1,59,31,29.5,40,147.5,0,0,0,9,1
PJ Sangwan,,7,3,1,2,1*,1,4,50,0,0,1,0,0
NB Singh,,2,-,-,-,-,-,-,-,-,-,-,-,-
DR Smith,,24,24,2,563,74,25.59,377,149.33,0,5,3,67,24
DW Steyn,,1,1,0,1,1,1,2,50,0,0,0,0,0
PV Tambe,,7,1,1,7,7*,-,19,36.84,0,0,0,1,0
Tejas Baroka,,1,-,-,-,-,-,-,-,-,-,-,-,-
AJ Tye,,6,3,1,53,25,26.5,30,176.66,0,0,0,4,3
S Ladda,2011-2013,3,-,-,-,-,-,-,-,-,-,-,-,-
AB Agarkar,2008-2010,27,17,9,160,39,20,132,121.21,0,0,0,12,5
Anureet Singh,2009-2009,3,-,-,-,-,-,-,-,-,-,-,-,-
Azhar Mahmood,2015-2015,1,1,0,6,6,6,7,85.71,0,0,0,1,0
L Balaji,2011-2013,35,5,4,13,9*,13,12,108.33,0,0,1,1,0
SB Bangar,2009-2009,1,1,0,2,2,2,9,22.22,0,0,0,0,0
R Bhatia,2011-2013,46,22,10,159,26*,13.25,130,122.3,0,0,0,15,3
MS Bisla,2011-2014,27,27,1,543,92,20.88,494,109.91,0,3,2,60,16
SE Bond,2010-2010,8,1,0,1,1,1,2,50,0,0,0,0,0
J Botha,2015-2015,4,3,0,31,17,10.33,15,206.66,0,0,0,5,1
MV Boucher,2011-2011,4,3,2,6,5,6,6,100,0,0,0,0,0
TA Boult,2017-2017,6,1,1,5,5*,-,8,62.5,0,0,0,0,0
DM Bravo,2017-2017,1,1,1,6,6*,-,5,120,0,0,0,1,0
KC Cariappa,2015-2015,1,-,-,-,-,-,-,-,-,-,-,-,-
PP Chawla,2014-2017,42,17,6,114,22,10.36,98,116.32,0,0,4,13,3
A Chopra,2008-2009,7,6,0,53,24,8.83,71,74.64,0,0,0,7,0
NM Coulter-Nile,2017-2017,8,3,0,14,6,4.66,12,116.66,0,0,0,0,2
PJ Cummins,2014-2015,4,1,0,0,0,0,2,0,0,0,1,0,0
DB Das,2008-2013,31,22,8,304,35*,21.71,261,116.47,0,0,1,23,16
C de Grandhomme,2017-2017,12,9,1,126,36,15.75,92,136.95,0,0,3,10,6
M de Lange,2012-2012,3,-,-,-,-,-,-,-,-,-,-,-,-
AB Dinda,2008-2010,29,6,2,4,2,1,8,50,0,0,2,0,0
P Dogra,2013-2013,1,1,0,5,5,5,8,62.5,0,0,0,0,0
G Gambhir,2011-2017,108,108,12,3035,93,31.61,2442,124.28,0,27,10,352,46
SC Ganguly,2008-2010,40,38,2,1031,91,28.63,933,110.5,0,7,3,104,36
RS Gavaskar,2010-2010,2,1,0,2,2,2,8,25,0,0,0,0,0
CH Gayle,2009-2010,16,16,1,463,88,30.86,327,141.59,0,2,1,45,26
AN Ghosh,2009-2009,2,2,0,7,7,3.5,8,87.5,0,0,1,1,0
SP Goswami,2011-2011,5,4,0,29,22,7.25,29,100,0,0,1,5,0
BJ Haddin,2011-2011,1,1,0,18,18,18,11,163.63,0,0,0,2,1
Harpreet Singh,2010-2010,1,-,-,-,-,-,-,-,-,-,-,-,-
JW Hastings,2016-2016,2,-,-,-,-,-,-,-,-,-,-,-,-
MC Henriques,2009-2009,4,3,1,38,30*,19,40,95,0,0,0,2,1
BJ Hodge,2008-2010,19,19,3,476,73,29.75,417,114.14,0,4,2,47,10
GB Hogg,2015-2016,11,3,2,7,5,7,6,116.66,0,0,0,0,0
JO Holder,2016-2016,4,4,0,22,13,5.5,19,115.78,0,0,1,2,1
DJ Hussey,2008-2010,23,23,4,511,71,26.89,404,126.48,0,2,3,31,28
Iqbal Abdulla,2008-2013,33,8,8,26,12*,-,32,81.25,0,0,0,1,0
SP Jackson,2017-2017,4,3,1,38,16,19,31,122.58,0,0,0,5,0
IR Jaggi,2017-2017,2,2,1,33,28,33,39,84.61,0,0,0,3,0
JH Kallis,2011-2014,56,54,5,1295,80*,26.42,1213,106.76,0,7,5,128,23
M Kartik,2008-2010,26,7,2,73,21,14.6,69,105.79,0,0,0,5,0
Kuldeep Yadav,2016-2017,15,2,0,20,16,10,22,90.9,0,0,0,2,0
CK Langeveldt,2009-2010,4,1,0,0,0,0,1,0,0,0,1,0,0
B Lee,2011-2013,25,9,3,68,25,11.33,41,165.85,0,0,0,3,6
CA Lynn,2014-2017,11,11,2,378,93*,42,234,161.53,0,3,0,30,23
BB McCullum,2008-2013,35,35,3,882,158*,27.56,731,120.65,1,4,2,92,32
R McLaren,2013-2013,2,2,0,3,2,1.5,6,50,0,0,0,0,0
Mandeep Singh,2010-2010,3,2,0,4,4,2,11,36.36,0,0,1,1,0
Mashrafe Mortaza,2009-2009,1,1,1,2,2*,-,2,100,0,0,0,0,0
AD Mathews,2009-2010,15,12,4,249,65*,31.12,197,126.39,0,1,1,20,8
BAW Mendis,2008-2010,7,2,1,1,1*,1,2,50,0,0,1,0,0
Mohammad Hafeez,2008-2008,8,8,1,64,16,9.14,83,77.1,0,0,0,7,2
Mohammed Shami,2013-2013,3,1,0,5,5,5,10,50,0,0,0,0,0
EJG Morgan,2011-2013,26,22,2,444,66,22.2,357,124.36,0,2,1,45,16
M Morkel,2014-2016,29,5,5,9,4*,-,7,128.57,0,0,0,0,0
C Munro,2016-2016,4,3,0,30,16,10,30,100,0,0,0,3,0
SP Narine,2012-2017,82,32,12,271,54,13.55,184,147.28,0,1,4,36,12
S Narwal,2013-2013,2,1,0,23,23,23,15,153.33,0,0,0,4,0
MK Pandey,2014-2017,55,52,12,1270,94,31.75,1015,125.12,0,6,3,102,38
MB Parmar,2010-2010,1,-,-,-,-,-,-,-,-,-,-,-,-
YK Pathan,2011-2017,106,91,31,1893,72,31.55,1369,138.27,0,7,7,150,85
RT Ponting,2008-2008,4,4,0,39,20,9.75,53,73.58,0,0,2,2,1
CA Pujara,2010-2010,10,6,2,122,45*,30.5,115,106.08,0,0,0,14,3
AS Rajpoot,2016-2017,9,1,0,4,4,4,7,57.14,0,0,0,1,0
AD Russell,2014-2016,27,21,3,516,66,28.66,291,177.31,0,3,0,45,34
WP Saha,2008-2010,33,24,13,298,59*,27.09,213,139.9,0,1,1,24,12
Salman Butt,2008-2008,7,7,0,193,73,27.57,161,119.87,0,1,0,30,2
PJ Sangwan,2012-2013,3,1,1,4,4*,-,2,200,0,0,0,1,0
SS Sarkar,2009-2009,2,-,-,-,-,-,-,-,-,-,-,-,-
R Sathish,2016-2016,4,3,0,24,10,8,24,100,0,0,0,1,1
SMSM Senanayake,2013-2013,8,4,3,10,7*,10,17,58.82,0,0,0,0,0
OA Shah,2010-2010,5,5,3,115,58*,57.5,95,121.05,0,1,0,7,5
SS Shaikh,2009-2009,2,1,0,6,6,6,7,85.71,0,0,0,1,0
Shakib Al Hasan,2011-2017,43,32,9,498,66*,21.65,382,130.36,0,2,2,44,15
I Sharma,2008-2010,31,11,7,33,9,8.25,41,80.48,0,0,1,2,1
Shoaib Akhtar,2008-2008,3,1,0,2,2,2,7,28.57,0,0,0,0,0
LR Shukla,2008-2013,42,31,7,374,48*,15.58,312,119.87,0,0,2,31,14
T Taibu,2008-2008,3,3,0,31,15,10.33,26,119.23,0,0,0,3,0
RN ten Doeschate,2011-2015,29,22,8,326,70*,23.28,235,138.72,0,1,3,26,15
MK Tiwary,2010-2013,54,49,15,1002,75*,29.47,897,111.7,0,4,5,82,23
Umar Gul,2008-2008,6,4,1,39,24,13,19,205.26,0,0,0,1,5
JD Unadkat,2010-2016,12,-,-,-,-,-,-,-,-,-,-,-,-
RV Uthappa,2014-2017,58,57,2,1806,87,32.83,1280,141.09,0,14,3,197,54
MN van Wyk,2009-2009,5,5,2,167,74,55.66,132,126.51,0,1,1,19,1
R Vinay Kumar,2014-2014,9,4,2,4,4,2,6,66.66,0,0,1,0,0
CR Woakes,2017-2017,13,7,3,46,18,11.5,47,97.87,0,0,0,4,1
SA Yadav,2014-2017,54,41,14,608,60,22.51,461,131.88,0,1,1,54,21
UT Yadav,2014-2017,47,11,8,50,24*,16.66,36,138.88,0,0,1,5,2
Yashpal Singh,2009-2009,8,4,0,47,20,11.75,66,71.21,0,0,0,5,0
B Akhil,,1,1,0,13,13,13,9,144.44,0,0,0,0,1
Y Gnaneswara Rao,,2,1,0,19,19,19,17,111.76,0,0,0,3,0
RV Gomez,,11,8,3,46,26*,9.2,50,92,0,0,3,4,1
BJ Hodge,,14,14,6,285,51*,35.62,236,120.76,0,1,1,26,9
RA Jadeja,,14,12,3,283,47,31.44,228,124.12,0,0,0,20,14
KM Jadhav,,6,4,1,18,12,6,23,78.26,0,0,1,1,0
DPMD Jayawardene,,13,13,0,299,76,23,257,116.34,0,3,0,35,5
M Klinger,,4,4,0,73,29,18.25,77,94.8,0,0,0,9,0
VVS Laxman,,3,3,0,44,36,14.66,42,104.76,0,0,1,3,2
BB McCullum,,13,13,0,357,81,27.46,275,129.81,0,1,2,35,16
M Muralitharan,,5,1,1,5,5*,-,8,62.5,0,0,0,0,0
P Parameswaran,,5,1,1,1,1*,-,1,100,0,0,0,0,0
PA Patel,,14,13,3,202,37*,20.2,183,110.38,0,0,2,25,2
NLTC Perera,,4,2,0,23,22,11.5,27,85.18,0,0,0,4,0
RR Powar,,5,3,2,11,8*,11,13,84.61,0,0,1,0,0
P Prasanth,,1,-,-,-,-,-,-,-,-,-,-,-,-
OA Shah,,3,2,0,26,23,13,15,173.33,0,0,0,1,2
RP Singh,,14,5,2,2,1*,0.66,4,50,0,0,2,0,0
S Sreesanth,,9,3,1,1,1,0.5,9,11.11,0,0,1,0,0
R Vinay Kumar,,13,7,1,50,18,8.33,47,106.38,0,0,0,4,1
VR Aaron,2017-2017,6,2,1,4,4,4,10,40,0,0,0,0,0
KJ Abbott,2016-2016,5,3,2,13,12*,13,8,162.5,0,0,1,0,1
YA Abdulla,2009-2010,11,1,1,0,0*,-,1,0,0,0,0,0,0
L Ablish,2010-2011,3,1,1,0,0*,-,2,0,0,0,0,0,0
HM Amla,2016-2017,16,16,3,577,104*,44.38,407,141.76,2,3,2,60,21
Anureet Singh,2015-2017,17,7,3,33,15,8.25,43,76.74,0,0,2,2,1
P Awana,2012-2014,33,7,5,5,4*,2.5,14,35.71,0,0,2,0,0
Azhar Mahmood,2012-2013,22,20,2,382,80,21.22,296,129.05,0,2,2,38,13
GJ Bailey,2014-2015,30,29,9,516,61*,25.8,380,135.78,0,2,0,41,17
L Balaji,2014-2014,9,2,1,1,1*,1,3,33.33,0,0,1,0,0
AB Barath,2010-2010,3,3,1,42,33,21,42,100,0,0,0,5,1
F Behardien,2016-2016,3,3,1,14,9*,7,13,107.69,0,0,1,2,0
BA Bhatt,2011-2013,17,2,1,6,6*,6,7,85.71,0,0,1,0,1
Bipul Sharma,2010-2013,15,9,5,104,35*,26,72,144.44,0,0,0,8,3
MS Bisla,2010-2010,10,10,0,218,75,21.8,178,122.47,0,1,1,27,6
RS Bopara,2009-2010,15,14,1,386,84,29.69,333,115.91,0,3,1,33,10
RR Bose,2009-2009,1,-,-,-,-,-,-,-,-,-,-,-,-
KC Cariappa,2016-2017,9,4,1,15,12*,5,18,83.33,0,0,0,0,1
PP Chawla,2008-2013,87,52,21,401,24*,12.93,355,112.95,0,0,7,36,12
SD Chitnis,2011-2012,7,5,1,75,38,18.75,71,105.63,0,0,0,8,1
P Dharmani,2008-2008,1,-,-,-,-,-,-,-,-,-,-,-,-
R Dhawan,2014-2016,20,13,9,132,25*,33,114,115.78,0,0,0,10,4
P Dogra,2012-2012,3,3,1,15,6,7.5,24,62.5,0,0,0,0,0
JP Faulkner,2012-2012,2,2,1,14,11*,14,13,107.69,0,0,0,0,0
Gagandeep Singh,2008-2008,4,-,-,-,-,-,-,-,-,-,-,-,-
AC Gilchrist,2011-2013,34,34,3,849,106,27.38,667,127.28,1,4,3,103,28
K Goel,2008-2010,22,17,2,218,38,14.53,231,94.37,0,0,2,17,9
MS Gony,2013-2013,8,5,1,45,42,11.25,25,180,0,0,2,4,3
MJ Guptill,2017-2017,7,7,1,132,50*,22,88,150,0,1,1,17,5
Gurkeerat Singh,2012-2017,30,24,3,342,51,16.28,272,125.73,0,1,4,36,9
Harmeet Singh,2012-2013,10,3,1,18,14,9,11,163.63,0,0,0,3,0
RJ Harris,2011-2013,21,11,4,51,17,7.28,55,92.72,0,0,2,4,1
BE Hendricks,2014-2015,7,3,2,1,1*,1,3,33.33,0,0,1,0,0
MJ Henry,2017-2017,2,-,-,-,-,-,-,-,-,-,-,-,-
JR Hopes,2008-2008,11,11,0,221,71,20.09,148,149.32,0,2,1,27,8
DJ Hussey,2011-2013,36,34,6,695,68*,24.82,577,120.45,0,2,1,51,26
DPMD Jayawardene,2008-2010,36,35,12,837,110*,36.39,594,140.9,1,2,1,87,25
MG Johnson,2014-2016,26,19,10,92,16*,10.22,100,92,0,0,2,5,4
M Kaif,2010-2010,4,3,0,28,14,9.33,30,93.33,0,0,0,2,0
Karanveer Singh,2014-2015,9,4,3,12,5*,12,17,70.58,0,0,0,1,0
KD Karthik,2011-2011,14,13,2,282,69,25.63,220,128.18,0,1,1,32,7
M Kartik,2014-2014,2,-,-,-,-,-,-,-,-,-,-,-,-
SM Katich,2008-2009,11,11,1,241,75,24.1,186,129.56,0,2,1,25,8
U Kaul,2008-2008,5,1,1,0,0*,-,1,0,0,0,0,0,0
T Kohli,2009-2009,2,2,1,1,1,1,4,25,0,0,0,0,0
P Kumar,2011-2013,44,21,9,109,24,9.08,100,109,0,0,3,7,5
B Lee,2008-2010,13,10,6,56,16*,14,56,100,0,0,1,5,2
R McLaren,2011-2011,6,4,1,90,51*,30,96,93.75,0,1,0,7,1
VS Malik,2009-2011,9,1,0,6,6,6,5,120,0,0,0,1,0
Mandeep Singh,2011-2014,41,38,2,763,77*,21.19,632,120.72,0,3,4,95,8
SE Marsh,2008-2017,71,69,7,2477,115,39.95,1866,132.74,1,20,1,266,78
AD Mascarenhas,2012-2013,5,4,1,19,9,6.33,21,90.47,0,0,1,1,0
GJ Maxwell,2014-2017,52,51,5,1186,95,25.78,709,167.27,0,6,8,94,78
DA Miller,2012-2017,66,64,20,1563,101*,35.52,1105,141.44,1,8,1,104,78
EJG Morgan,2017-2017,4,4,0,65,26,16.25,62,104.83,0,0,0,6,2
WA Mota,2008-2009,12,8,2,56,25,9.33,75,74.66,0,0,0,2,0
NS Naik,2016-2016,2,2,0,23,22,11.5,31,74.19,0,0,0,1,0
T Natarajan,2017-2017,6,-,-,-,-,-,-,-,-,-,-,-,-
AM Nayar,2011-2012,14,13,3,106,24,10.6,116,91.37,0,0,2,11,1
MG Neser,2013-2013,1,-,-,-,-,-,-,-,-,-,-,-,-
AR Patel,2014-2017,59,43,13,606,44,20.2,473,128.11,0,0,4,34,28
IK Pathan,2008-2010,42,35,11,603,60,25.12,460,131.08,0,1,1,47,22
NLTC Perera,2015-2015,2,2,0,12,9,6,15,80,0,0,0,0,1
LA Pomersbach,2008-2013,12,12,5,251,79*,35.85,207,121.25,0,1,0,21,11
RR Powar,2008-2012,22,7,5,56,28*,28,51,109.8,0,0,0,6,1
CA Pujara,2014-2014,6,6,1,125,40*,25,124,100.8,0,0,0,17,0
NJ Rimmington,2011-2011,1,1,1,1,1*,-,1,100,0,0,0,0,0
WP Saha,2014-2017,57,49,4,1115,115*,24.77,845,131.95,1,5,1,98,37
P Sahu,2016-2016,5,2,1,19,18*,19,13,146.15,0,0,0,1,1
N Saini,2012-2012,10,10,0,140,50,14,141,99.29,0,1,0,16,0
Sandeep Sharma,2013-2017,56,13,12,26,7,26,35,74.28,0,0,0,1,0
KC Sangakkara,2008-2010,37,34,2,1009,94,31.53,779,129.52,0,8,2,117,18
RR Sarwan,2008-2008,4,4,0,73,31,18.25,75,97.33,0,0,0,6,1
R Sathish,2013-2013,9,8,3,109,27*,21.8,77,141.55,0,0,1,9,5
V Sehwag,2014-2015,25,25,0,554,122,22.16,399,138.84,1,1,1,68,21
I Sharma,2017-2017,6,3,1,8,5*,4,12,66.66,0,0,0,1,0
MM Sharma,2016-2017,28,13,3,83,15,8.3,76,109.21,0,0,0,6,2
Shivam Sharma,2014-2015,5,2,1,5,4,5,3,166.66,0,0,0,1,0
VRV Singh,2008-2010,19,2,0,4,4,2,3,133.33,0,0,1,1,0
RS Sodhi,2010-2010,3,1,1,4,4*,-,2,200,0,0,0,1,0
S Sohal,2008-2010,11,10,0,119,43,11.9,101,117.82,0,0,2,9,8
S Sreesanth,2008-2010,28,8,7,32,15*,32,42,76.19,0,0,1,6,0
SJ Srivastava,2010-2011,14,4,3,5,3*,5,5,100,0,0,1,0,0
TM Srivastava,2008-2009,7,3,2,8,7,8,11,72.72,0,0,0,0,0
MP Stoinis,2016-2017,12,8,1,163,52,23.28,132,123.48,0,1,1,14,4
Sunny Singh,2011-2011,6,5,1,43,20,10.75,31,138.7,0,0,0,6,1
Swapnil Singh,2016-2017,5,3,0,12,10,4,20,60,0,0,1,0,0
R Tewatia,2017-2017,3,2,1,19,15*,19,11,172.72,0,0,0,4,0
SN Thakur,2015-2015,1,1,1,7,7*,-,6,116.66,0,0,0,1,0
J Theron,2010-2010,7,2,0,2,2,1,5,40,0,0,1,0,0
PC Valthaty,2011-2013,21,21,1,499,120*,24.95,406,122.9,1,2,1,59,20
M Vijay,2015-2016,25,25,1,704,89,29.33,592,118.91,0,5,1,77,18
M Vohra,2013-2017,45,41,2,957,95,24.53,721,132.73,0,3,2,95,35
Yuvraj Singh,2008-2010,43,42,5,894,58*,24.16,677,132.05,0,3,0,69,49
AN Ahmed,2010-2013,10,2,2,22,18*,-,20,110,0,0,0,1,1
CJ Anderson,2014-2015,16,15,3,379,95*,31.58,278,136.33,0,3,0,32,21
STR Binny,2010-2010,1,1,0,8,8,8,5,160,0,0,0,1,0
AC Blizzard,2011-2012,7,7,0,120,51,17.14,90,133.33,0,1,1,21,2
DJ Bravo,2008-2010,30,25,4,457,70*,21.76,390,117.17,0,3,0,38,17
JJ Bumrah,2013-2017,47,7,5,25,16*,12.5,26,96.15,0,0,1,1,1
JC Buttler,2016-2017,24,24,3,527,77,25.09,361,145.98,0,1,1,50,26
YS Chahal,2013-2013,1,-,-,-,-,-,-,-,-,-,-,-,-
UBT Chand,2015-2016,7,6,0,102,58,17,87,117.24,0,1,1,13,2
SD Chitnis,2008-2008,3,2,0,18,15,9,10,180,0,0,0,1,1
NM Coulter-Nile,2013-2013,1,1,0,9,9,9,6,150,0,0,0,0,1
M de Lange,2014-2015,2,1,0,1,1,1,2,50,0,0,0,0,0
R Dhawan,2013-2013,6,4,1,21,14,7,21,100,0,0,1,3,0
S Dhawan,2009-2010,15,14,0,231,56,16.5,215,107.44,0,2,1,26,3
JP Duminy,2009-2010,20,19,5,529,62,37.78,456,116,0,5,1,39,16
BR Dunk,2014-2014,3,3,0,40,20,13.33,35,114.28,0,0,0,7,0
CRD Fernando,2008-2010,10,2,2,4,2*,-,3,133.33,0,0,0,0,0
AJ Finch,2015-2015,3,3,1,23,10*,11.5,33,69.69,0,0,0,4,0
JEC Franklin,2011-2012,20,16,5,327,79,29.72,301,108.63,0,1,0,25,8
CM Gautam,2014-2014,9,9,2,121,33,17.28,111,109,0,0,0,13,5
HH Gibbs,2012-2012,3,3,1,81,66*,40.5,88,92.04,0,1,0,8,2
S Gopal,2014-2016,6,3,1,14,11,7,27,51.85,0,0,0,1,0
MJ Guptill,2016-2016,3,3,0,57,48,19,55,103.63,0,0,0,3,3
Harbhajan Singh,2008-2017,136,84,35,799,64,16.3,561,142.42,0,1,13,76,41
MEK Hussey,2014-2014,9,9,0,209,56,23.22,182,114.83,0,2,0,17,7
DJ Jacobs,2011-2012,7,7,0,92,32,13.14,98,93.87,0,0,1,10,4
ST Jayasuriya,2008-2010,30,30,2,768,114*,27.42,532,144.36,1,4,2,84,39
MG Johnson,2013-2017,22,9,5,59,13*,14.75,53,111.32,0,0,0,3,3
KD Karthik,2012-2013,36,33,2,748,86,24.12,624,119.87,0,2,3,84,16
Z Khan,2009-2014,26,12,9,40,23*,13.33,31,129.03,0,0,1,3,2
MA Khote,2008-2008,4,3,1,24,9,12,22,109.09,0,0,0,2,1
DS Kulkarni,2008-2013,33,8,5,23,10*,7.66,42,54.76,0,0,0,2,0
P Kumar,2014-2014,3,1,0,1,1,1,2,50,0,0,0,0,0
RE Levi,2012-2012,6,6,0,83,50,13.83,73,113.69,0,1,2,10,4
MJ McClenaghan,2015-2017,40,15,7,63,20,7.87,44,143.18,0,0,3,2,6
CJ McKay,2012-2012,2,1,0,8,8,8,15,53.33,0,0,0,0,0
R McLaren,2010-2010,10,7,4,66,40,22,69,95.65,0,0,1,7,0
C Madan,2010-2010,1,1,0,15,15,15,19,78.94,0,0,0,3,0
SL Malinga,2009-2017,110,25,9,88,17,5.5,99,88.88,0,0,6,6,5
GJ Maxwell,2013-2013,3,3,1,36,23,18,27,133.33,0,0,1,1,4
Mohammad Ashraful,2009-2009,1,1,0,2,2,2,10,20,0,0,0,0,0
AG Murtaza,2010-2011,8,1,1,2,2*,-,5,40,0,0,0,0,0
C Nanda,2009-2009,3,1,0,0,0,0,1,0,0,0,1,0,0
GR Napier,2009-2009,1,1,0,15,15,15,16,93.75,0,0,0,1,0
AM Nayar,2008-2010,30,24,5,457,45*,24.05,341,134.01,0,0,0,34,18
A Nehra,2008-2008,14,4,3,3,2*,3,13,23.07,0,0,1,0,0
A Nel,2008-2008,1,1,0,0,0,0,0,-,0,0,1,0,0
PP Ojha,2012-2015,38,9,5,10,3,2.5,26,38.46,0,0,1,0,0
JDP Oram,2013-2013,1,-,-,-,-,-,-,-,-,-,-,-,-
MK Pandey,2008-2008,3,2,0,3,3,1.5,9,33.33,0,0,1,0,0
HH Pandya,2015-2017,37,33,14,406,61*,21.36,285,142.45,0,1,2,24,28
KH Pandya,2016-2017,25,20,7,480,86,36.92,303,158.41,0,1,0,46,20
MM Patel,2011-2013,31,5,4,2,1*,2,8,25,0,0,1,0,0
PA Patel,2015-2017,40,40,1,911,81,23.35,691,131.83,0,5,5,119,17
RV Pawar,2008-2008,1,-,-,-,-,-,-,-,-,-,-,-,-
NLTC Perera,2012-2012,2,2,1,4,4*,4,9,44.44,0,0,1,0,0
RJ Peterson,2012-2012,5,5,2,32,16*,10.66,30,106.66,0,0,1,3,1
KA Pollard,2010-2017,123,113,32,2343,78,28.92,1599,146.52,0,12,2,157,147
SM Pollock,2008-2008,13,8,0,147,33,18.37,111,132.43,0,0,2,12,8
RT Ponting,2013-2013,6,5,0,52,28,10.4,75,69.33,0,0,1,3,1
RW Price,2011-2011,1,-,-,-,-,-,-,-,-,-,-,-,-
AM Rahane,2008-2009,10,9,1,148,62*,18.5,140,105.71,0,2,2,13,3
RR Raje,2008-2009,10,5,4,20,11*,20,18,111.11,0,0,0,1,1
N Rana,2016-2017,17,15,1,437,70,31.21,339,128.9,0,4,0,31,25
AT Rayudu,2010-2017,114,107,18,2416,81*,27.14,1915,126.16,0,14,9,205,79
L Ronchi,2008-2009,5,5,0,34,13,6.8,34,100,0,0,1,6,1
K Santokie,2014-2014,2,-,-,-,-,-,-,-,-,-,-,-,-
R Sathish,2010-2011,21,14,5,137,24,15.22,130,105.38,0,0,1,12,0
PR Shah,2008-2009,14,9,2,87,29,12.42,86,101.16,0,0,1,8,2
RA Shaikh,2009-2009,1,-,-,-,-,-,-,-,-,-,-,-,-
KV Sharma,2017-2017,9,6,0,49,19,8.16,41,119.51,0,0,0,5,2
RG Sharma,2011-2017,114,110,19,3037,109*,33.37,2324,130.67,1,24,7,258,121
R Shukla,2012-2012,1,-,-,-,-,-,-,-,-,-,-,-,-
LMP Simmons,2014-2017,29,29,2,1079,100*,39.96,852,126.64,1,11,2,109,44
RP Singh,2012-2012,11,5,3,6,3,3,12,50,0,0,1,0,0
DR Smith,2008-2013,24,22,2,620,87*,31,479,129.43,0,5,2,63,27
TG Southee,2016-2017,14,5,1,37,25,9.25,22,168.18,0,0,0,1,3
J Suchith,2015-2016,14,6,5,48,34*,48,32,150,0,0,0,4,2
TL Suman,2011-2012,10,9,1,80,36,10,70,114.28,0,0,0,6,6
P Suyal,2013-2015,5,-,-,-,-,-,-,-,-,-,-,-,-
A Symonds,2011-2011,11,9,5,135,44*,33.75,138,97.82,0,0,0,9,3
YV Takawale,2008-2009,11,5,2,88,27,29.33,87,101.14,0,0,0,9,2
AP Tare,2010-2015,29,23,4,313,59,16.47,235,133.19,0,1,2,36,11
SR Tendulkar,2008-2013,78,78,11,2334,100*,34.83,1948,119.81,1,13,4,295,29
DJ Thornely,2008-2008,6,4,2,39,30,19.5,53,73.58,0,0,0,2,2
SS Tiwary,2008-2017,24,21,3,510,61,28.33,384,132.81,0,4,1,41,19
RV Uthappa,2008-2008,14,14,5,320,48,35.55,279,114.69,0,0,0,34,9
R Vinay Kumar,2015-2017,17,5,3,13,12,6.5,14,92.85,0,0,1,0,1
SA Yadav,2012-2012,1,1,0,0,0,0,4,0,0,0,1,0,0
VS Yeligati,2008-2008,2,1,0,2,2,2,2,100,0,0,0,0,0
UA Birla,2013-2013,2,1,0,7,7,7,14,50,0,0,0,1,0
MJ Clarke,2012-2012,6,6,0,98,41,16.33,94,104.25,0,0,0,12,0
AB Dinda,2012-2013,20,6,3,11,6*,3.66,16,68.75,0,0,2,1,0
JP Faulkner,2011-2011,1,-,-,-,-,-,-,-,-,-,-,-,-
CJ Ferguson,2011-2012,9,8,2,98,23,16.33,117,83.76,0,0,0,9,0
AJ Finch,2013-2013,14,14,0,456,67,32.57,336,135.71,0,4,1,54,16
SC Ganguly,2011-2012,19,18,1,318,45,18.7,330,96.36,0,0,1,33,6
RV Gomez,2013-2013,2,1,1,4,4*,-,1,400,0,0,0,1,0
Harpreet Singh,2011-2012,3,3,1,20,13,10,26,76.92,0,0,0,0,0
AA Jhunjhunwala,2011-2011,3,2,0,10,10,5,18,55.55,0,0,1,2,0
Kamran Khan,2011-2011,1,-,-,-,-,-,-,-,-,-,-,-,-
M Kartik,2011-2012,17,7,6,38,14*,38,36,105.55,0,0,0,2,1
B Kumar,2011-2013,31,19,9,93,24*,9.3,112,83.03,0,0,1,7,1
NL McCullum,2011-2011,2,2,1,26,15,26,22,118.18,0,0,0,0,1
AP Majumdar,2012-2012,4,4,0,87,31,21.75,76,114.47,0,0,0,7,2
M Manhas,2011-2013,23,19,5,247,42*,17.64,236,104.66,0,0,4,19,8
MR Marsh,2011-2013,14,11,2,190,38,21.11,155,122.58,0,0,0,8,13
AD Mathews,2012-2013,20,18,4,299,40,21.35,247,121.05,0,0,1,10,14
BAW Mendis,2013-2013,3,1,0,2,2,2,4,50,0,0,0,0,0
MD Mishra,2011-2012,7,6,1,71,37*,14.2,64,110.93,0,0,0,6,2
SS Mundhe,2011-2011,1,-,-,-,-,-,-,-,-,-,-,-,-
AG Murtaza,2012-2013,4,2,1,8,5,8,9,88.88,0,0,0,1,0
AM Nayar,2013-2013,11,9,3,66,25*,11,73,90.41,0,0,1,5,0
A Nehra,2012-2012,13,2,2,11,9*,-,12,91.66,0,0,0,1,0
TD Paine,2011-2011,2,2,0,10,8,5,26,38.46,0,0,0,0,0
IC Pandey,2013-2013,2,1,0,0,0,0,2,0,0,0,1,0,0
MK Pandey,2011-2013,27,25,3,525,80*,23.86,476,110.29,0,3,5,51,15
WD Parnell,2011-2013,18,11,3,61,16,7.62,73,83.56,0,0,0,4,1
Parvez Rasool,2013-2013,2,2,1,5,4*,5,9,55.55,0,0,0,0,0
S Rana,2011-2011,2,1,0,18,18,18,16,112.5,0,0,0,2,0
M Rawat,2013-2013,2,2,1,5,5,5,11,45.45,0,0,0,0,0
KW Richardson,2013-2013,3,2,0,34,26,17,36,94.44,0,0,0,2,1
JD Ryder,2011-2012,24,24,1,548,86,23.82,409,133.98,0,4,2,60,19
MN Samuels,2012-2013,10,10,1,132,46,14.66,141,93.61,0,0,0,8,5
R Sharma,2011-2013,36,16,5,37,13,3.36,49,75.51,0,0,7,2,2
GC Smith,2011-2011,4,4,0,42,24,10.5,51,82.35,0,0,1,6,0
SPD Smith,2012-2013,22,21,8,521,47*,40.07,399,130.57,0,0,0,39,18
TL Suman,2013-2013,7,5,0,52,23,10.4,58,89.65,0,0,1,8,0
JE Taylor,2011-2011,5,2,1,3,2,3,3,100,0,0,0,0,0
LRPL Taylor,2013-2013,5,5,0,63,19,12.6,76,82.89,0,0,0,2,1
AC Thomas,2011-2012,15,4,2,20,12,10,19,105.26,0,0,0,1,1
K Upadhyay,2012-2013,3,2,2,12,11*,-,9,133.33,0,0,0,0,1
RV Uthappa,2011-2013,46,45,4,1103,75,26.9,923,119.5,0,4,2,107,32
SB Wagh,2011-2011,7,2,0,2,2,1,3,66.66,0,0,1,0,0
LJ Wright,2012-2013,7,6,1,106,44,21.2,60,176.66,0,0,0,16,3
Yuvraj Singh,2011-2013,27,26,4,581,66*,26.4,451,128.82,0,2,1,38,33
VR Aaron,2014-2016,24,5,4,41,17*,41,37,110.81,0,0,0,2,2
SA Abbott,2015-2015,2,2,0,15,14,7.5,13,115.38,0,0,0,1,1
Abdur Razzak,2008-2008,1,1,1,0,0*,-,2,0,0,0,0,0,0
MA Agarwal,2011-2013,29,24,1,433,64*,18.82,340,127.35,0,1,1,41,22
AN Ahmed,2014-2015,7,4,3,14,5*,14,6,233.33,0,0,0,3,0
B Akhil,2008-2010,14,10,5,63,27*,12.6,46,136.95,0,0,2,5,4
KP Appanna,2009-2012,14,3,2,2,1*,2,4,50,0,0,0,0,0
S Aravind,2011-2017,38,12,8,59,14*,14.75,57,103.5,0,0,2,7,0
KB Arun Karthik,2011-2013,16,7,2,48,19*,9.6,46,104.34,0,0,1,4,1
J Arunkumar,2008-2008,3,3,0,23,22,7.66,23,100,0,0,1,5,0
Avesh Khan,2017-2017,1,-,-,-,-,-,-,-,-,-,-,-,-
S Badree,2017-2017,7,5,0,13,8,2.6,23,56.52,0,0,2,0,0
RR Bhatkal,2012-2012,1,1,0,0,0,0,2,0,0,0,1,0,0
STR Binny,2016-2017,22,13,4,141,21,15.66,115,122.6,0,0,0,11,7
R Bishnoi,2009-2009,3,3,0,19,18,6.33,17,111.76,0,0,1,1,2
MS Bisla,2015-2015,2,2,0,37,20,18.5,30,123.33,0,0,0,6,1
MV Boucher,2008-2010,27,21,8,388,50*,29.84,303,128.05,0,1,0,32,13
YS Chahal,2014-2017,55,10,7,15,4*,5,28,53.57,0,0,1,0,0
S Chanderpaul,2008-2008,3,3,0,25,16,8.33,31,80.64,0,0,0,4,0
B Chipli,2008-2008,3,3,0,20,10,6.66,28,71.42,0,0,0,3,0
A Choudhary,2017-2017,5,3,2,25,15*,25,20,125,0,0,0,1,1
DT Christian,2013-2013,2,2,0,6,4,3,15,40,0,0,0,0,0
AB de Villiers,2011-2017,101,92,22,2802,133*,40.02,1772,158.12,2,19,6,236,144
TM Dilshan,2011-2013,25,24,3,587,76*,27.95,534,109.92,0,5,3,78,8
AB Dinda,2014-2015,11,3,2,4,2*,4,12,33.33,0,0,1,0,0
ND Doshi,2010-2010,1,-,-,-,-,-,-,-,-,-,-,-,-
R Dravid,2008-2010,43,37,3,898,75*,26.41,731,122.84,0,4,3,97,17
D du Preez,2009-2009,2,1,0,10,10,10,13,76.92,0,0,0,0,0
CH Gayle,2011-2017,85,84,11,3163,175*,43.32,2071,152.72,5,19,5,248,239
SP Goswami,2008-2010,7,6,0,143,52,23.83,155,92.25,0,1,0,17,1
TM Head,2016-2017,10,10,3,205,75*,29.28,148,138.51,0,1,1,12,8
MC Henriques,2013-2013,10,9,5,165,44,41.25,125,132,0,0,0,20,3
Iqbal Abdulla,2015-2017,15,5,3,62,33*,31,52,119.23,0,0,1,8,1
KM Jadhav,2016-2017,17,16,4,309,69,25.75,218,141.74,0,1,0,27,12
W Jaffer,2008-2009,8,8,0,130,50,16.25,121,107.43,0,1,1,14,3
SB Jakati,2014-2014,1,-,-,-,-,-,-,-,-,-,-,-,-
CJ Jordan,2016-2016,9,1,0,3,3,3,4,75,0,0,0,0,0
SB Joshi,2008-2008,4,2,0,6,3,3,14,42.85,0,0,0,0,0
M Kaif,2011-2012,9,5,1,55,15,13.75,49,112.24,0,0,0,6,0
JH Kallis,2008-2010,42,42,6,1132,89*,31.44,1009,112.19,0,10,4,127,21
KD Karthik,2015-2015,16,11,0,141,28,12.81,117,120.51,0,0,0,15,4
M Kartik,2013-2013,11,2,1,2,2*,2,3,66.66,0,0,1,0,0
AA Kazi,2011-2011,1,-,-,-,-,-,-,-,-,-,-,-,-
SN Khan,2015-2016,18,12,6,177,45*,29.5,102,173.52,0,0,0,19,6
Z Khan,2008-2013,44,15,7,67,21,8.37,84,79.76,0,0,4,7,0
V Kohli,2008-2017,149,141,23,4418,113,37.44,3403,129.82,4,30,6,382,159
P Kumar,2008-2010,38,24,7,181,34,10.64,152,119.07,0,0,4,11,12
A Kumble,2008-2010,42,17,14,35,8,11.66,47,74.46,0,0,0,3,0
CK Langeveldt,2011-2011,3,1,0,8,8,8,8,100,0,0,0,0,1
AB McDonald,2012-2013,5,4,1,47,30,15.66,37,127.02,0,0,1,6,2
NJ Maddinson,2014-2015,3,3,0,20,12,6.66,21,95.23,0,0,0,4,0
Mandeep Singh,2015-2017,26,19,2,345,54*,20.29,277,124.54,0,2,4,38,10
TS Mills,2017-2017,5,3,0,8,6,2.66,11,72.72,0,0,1,0,1
AF Milne,2016-2017,5,3,1,7,5,3.5,12,58.33,0,0,0,0,0
Misbah-ul-Haq,2008-2008,8,8,1,117,47*,16.71,81,144.44,0,0,2,10,6
A Mithun,2009-2013,16,8,3,34,11,6.8,26,130.76,0,0,1,4,1
EJG Morgan,2010-2010,6,4,1,35,17,11.66,30,116.66,0,0,0,2,1
JA Morkel,2014-2014,7,5,2,45,16,15,41,109.75,0,0,0,1,3
A Mukund,2013-2013,1,1,0,19,19,19,21,90.47,0,0,0,1,0
M Muralitharan,2012-2014,21,2,0,6,6,3,9,66.66,0,0,1,0,0
KK Nair,2013-2013,2,2,0,9,9,4.5,12,75,0,0,1,0,0
DP Nannes,2011-2011,2,-,-,-,-,-,-,-,-,-,-,-,-
P Negi,2017-2017,12,10,2,144,35,18,111,129.72,0,0,0,10,7
R Ninan,2011-2011,2,1,0,3,3,3,6,50,0,0,0,0,0
AA Noffke,2008-2008,1,1,0,9,9,9,10,90,0,0,0,1,0
MK Pandey,2009-2010,18,17,3,417,114*,29.78,344,121.22,1,0,2,44,11
Pankaj Singh,2009-2010,5,3,1,2,1*,1,4,50,0,0,1,0,0
P Parameswaran,2012-2012,3,1,1,0,0*,-,1,0,0,0,0,0,0
Parvez Rasool,2016-2016,4,1,0,10,10,10,9,111.11,0,0,0,1,0
HV Patel,2012-2017,36,14,5,47,10,5.22,34,138.23,0,0,3,2,3
PA Patel,2014-2014,12,12,2,205,57*,20.5,185,110.81,0,1,0,30,1
AUK Pathan,2011-2012,8,7,2,39,14,7.8,23,169.56,0,0,2,5,2
DT Patil,2008-2008,2,2,0,13,9,6.5,13,100,0,0,0,1,0
KP Pietersen,2009-2010,13,13,3,329,66*,32.9,242,135.95,0,2,2,31,10
LA Pomersbach,2011-2011,5,4,0,51,29,12.75,39,130.76,0,0,0,4,2
CA Pujara,2011-2013,14,10,0,143,51,14.3,152,94.07,0,1,1,19,1
KL Rahul,2013-2016,19,14,3,417,68*,37.9,287,145.29,0,4,1,41,16
R Rampaul,2013-2014,12,7,2,51,23*,10.2,50,102,0,0,3,3,2
S Rana,2014-2014,9,7,4,73,19*,24.33,65,112.3,0,0,0,7,1
KW Richardson,2016-2016,4,1,1,1,1*,-,1,100,0,0,0,0,0
RR Rossouw,2014-2015,5,5,0,53,24,10.6,51,103.92,0,0,1,3,3
JD Ryder,2009-2009,5,5,0,56,32,11.2,49,114.28,0,0,2,9,0
Sachin Baby,2016-2017,14,9,2,134,33,19.14,94,142.55,0,0,1,11,5
DJG Sammy,2015-2015,2,2,0,13,7,6.5,18,72.22,0,0,0,0,0
T Shamsi,2016-2016,4,-,-,-,-,-,-,-,-,-,-,-,-
KV Sharma,2009-2009,1,1,0,1,1,1,3,33.33,0,0,0,0,0
RP Singh,2013-2013,11,-,-,-,-,-,-,-,-,-,-,-,-
S Sriram,2010-2010,1,1,0,27,27,27,29,93.1,0,0,0,3,0
B Stanlake,2017-2017,2,-,-,-,-,-,-,-,-,-,-,-,-
MA Starc,2014-2015,27,12,5,96,29,13.71,98,97.95,0,0,0,10,0
DW Steyn,2008-2010,28,8,2,15,8,2.5,25,60,0,0,3,2,0
J Syed Mohammad,2011-2013,11,5,3,29,13*,14.5,26,111.53,0,0,0,4,0
YV Takawale,2014-2014,5,5,0,104,45,20.8,91,114.28,0,0,2,17,1
LRPL Taylor,2008-2010,22,22,5,517,81*,30.41,364,142.03,0,2,1,35,31
SS Tiwary,2011-2013,40,30,10,487,52,24.35,464,104.95,0,1,0,26,17
JD Unadkat,2013-2013,13,2,2,2,1*,-,2,100,0,0,0,0,0
RV Uthappa,2009-2010,31,27,4,549,68*,23.86,388,141.49,0,4,1,39,30
RE van der Merwe,2009-2010,11,9,0,123,35,13.66,100,123,0,0,0,8,8
JJ van der Wath,2011-2011,3,3,1,18,14*,9,16,112.5,0,0,1,1,1
DL Vettori,2011-2012,22,10,5,54,20,10.8,54,100,0,0,1,4,2
R Vinay Kumar,2008-2013,64,29,11,237,26*,13.16,204,116.17,0,0,2,16,7
Vishnu Vinod,2017-2017,3,3,0,19,9,6.33,26,73.07,0,0,0,1,1
SR Watson,2016-2017,24,22,3,250,36,13.15,212,117.92,0,0,1,20,13
CL White,2008-2010,15,13,4,162,31*,18,135,120,0,0,1,11,7
D Wiese,2015-2016,15,8,4,127,47*,31.75,90,141.11,0,0,0,12,4
Yuvraj Singh,2014-2014,14,14,3,376,83,34.18,278,135.25,0,3,1,22,28
VH Zol,2014-2014,3,2,0,29,16,14.5,26,111.53,0,0,0,3,1
MA Agarwal,,3,3,0,26,20,8.66,27,96.29,0,0,1,3,0
Ankit Sharma,,4,2,1,28,25,28,18,155.55,0,0,0,2,1
M Ashwin,,10,1,0,0,0,0,1,0,0,0,1,0,0
R Ashwin,,14,6,4,41,29,20.5,38,107.89,0,0,1,3,1
GJ Bailey,,6,5,1,84,34,21,98,85.71,0,0,1,9,2
R Bhatia,,13,8,6,50,21,25,37,135.13,0,0,0,1,3
SM Boland,,2,-,-,-,-,-,-,-,-,-,-,-,-
DL Chahar,,5,1,0,14,14,14,6,233.33,0,0,0,0,2
RD Chahar,,3,1,1,3,3*,-,2,150,0,0,0,0,0
DT Christian,,13,9,4,79,17*,15.8,49,161.22,0,0,0,5,5
MS Dhoni,,30,27,9,574,64*,31.88,460,124.78,0,2,0,33,30
AB Dinda,,12,1,0,7,7,7,7,100,0,0,0,1,0
F du Plessis,,8,7,0,214,69,30.57,169,126.62,0,2,0,18,9
LH Ferguson,,4,1,1,1,1*,-,1,100,0,0,0,0,0
PSP Handscomb,,2,1,0,6,6,6,12,50,0,0,0,0,0
Imran Tahir,,12,1,1,0,0*,-,2,0,0,0,0,0,0
UT Khawaja,,6,6,0,127,30,21.16,100,127,0,0,0,14,3
MR Marsh,,3,1,0,7,7,7,11,63.63,0,0,0,0,0
JA Morkel,,2,1,0,16,16,16,9,177.77,0,0,0,0,2
IK Pathan,,4,3,0,11,7,3.66,13,84.61,0,0,0,0,0
NLTC Perera,,12,10,3,150,34,21.42,93,161.29,0,0,0,7,11
KP Pietersen,,4,4,2,73,37,36.5,61,119.67,0,0,0,4,3
AM Rahane,,30,30,4,862,74,33.15,702,122.79,0,8,4,89,18
I Sharma,,4,1,1,0,0*,-,0,-,0,0,0,0,0
RP Singh,,4,-,-,-,-,-,-,-,-,-,-,-,-
SPD Smith,,23,22,4,742,101,41.22,563,131.79,1,3,0,65,20
BA Stokes,,12,11,1,316,103*,31.6,221,142.98,1,1,0,22,15
SN Thakur,,12,3,0,0,0,0,3,0,0,0,3,0,0
MK Tiwary,,15,13,3,324,60,32.4,236,137.28,0,2,1,31,11
SS Tiwary,,10,8,1,170,57,24.28,141,120.56,0,2,0,17,4
RA Tripathi,,14,14,0,391,93,27.92,267,146.44,0,2,1,43,17
JD Unadkat,,12,2,2,2,2*,-,5,40,0,0,0,0,0
Washington Sundar,,11,5,4,9,5*,9,12,75,0,0,1,0,0
A Zampa,,11,2,0,5,5,2.5,8,62.5,0,0,1,1,0
Ankit Sharma,2014-2015,7,4,1,41,30,13.66,36,113.88,0,0,1,5,1
SA Asnodkar,2008-2011,20,20,0,423,60,21.15,339,124.77,0,2,3,56,10
S Badree,2013-2013,1,-,-,-,-,-,-,-,-,-,-,-,-
R Bhatia,2014-2015,14,8,2,67,23,11.16,54,124.07,0,0,1,4,3
STR Binny,2011-2015,57,44,16,617,48*,22.03,484,127.47,0,0,5,47,22
J Botha,2009-2012,24,19,8,335,67*,30.45,292,114.72,0,1,0,29,3
LA Carseldine,2009-2009,5,5,1,81,39,20.25,68,119.11,0,0,0,11,0
UBT Chand,2014-2014,1,1,0,2,2,2,9,22.22,0,0,0,0,0
A Chandila,2012-2013,12,2,2,4,4*,-,7,57.14,0,0,0,0,0
AA Chavan,2011-2013,13,3,1,12,7*,6,11,109.09,0,0,0,2,0
SD Chitnis,2009-2009,1,1,0,6,6,6,8,75,0,0,0,1,0
KK Cooper,2012-2014,25,14,5,116,32,12.88,68,170.58,0,0,1,9,8
BCJ Cutting,2014-2014,1,1,0,8,8,8,6,133.33,0,0,0,0,1
P Dogra,2010-2010,9,8,0,107,41,13.37,106,100.94,0,0,1,4,5
AP Dole,2010-2010,3,2,0,34,30,17,22,154.54,0,0,0,3,1
ND Doshi,2011-2011,3,1,0,0,0,0,13,0,0,0,1,0,0
R Dravid,2011-2013,46,45,2,1276,66,29.67,1151,110.86,0,7,0,171,11
JP Faulkner,2013-2015,42,32,15,382,46,22.47,260,146.92,0,0,0,25,23
FY Fazal,2010-2011,12,11,1,183,45,18.3,173,105.78,0,0,1,22,1
AJ Finch,2010-2010,1,1,0,21,21,21,21,100,0,0,0,0,1
SP Goswami,2012-2012,11,6,1,69,24,13.8,67,102.98,0,0,1,4,1
Harmeet Singh,2013-2013,1,-,-,-,-,-,-,-,-,-,-,-,-
SM Harwood,2009-2009,3,2,2,9,6*,-,14,64.28,0,0,0,0,0
T Henderson,2009-2009,2,2,0,11,11,5.5,16,68.75,0,0,1,0,1
BJ Hodge,2012-2014,33,30,12,639,54*,35.5,465,137.41,0,1,0,49,24
GB Hogg,2012-2013,10,3,1,15,13,7.5,16,93.75,0,0,0,1,0
DJ Hooda,2015-2015,14,9,0,151,54,16.77,95,158.94,0,1,0,6,11
Iqbal Abdulla,2014-2014,1,-,-,-,-,-,-,-,-,-,-,-,-
RA Jadeja,2008-2009,27,22,4,430,42,23.88,369,116.53,0,0,2,32,12
AA Jhunjhunwala,2010-2010,13,11,2,183,53*,20.33,166,110.24,0,1,0,16,4
M Kaif,2008-2008,16,14,3,176,34*,16,171,102.92,0,0,0,14,6
Kamran Akmal,2008-2008,6,6,1,128,53*,25.6,78,164.1,0,1,0,13,8
Kamran Khan,2009-2010,8,2,1,3,3,3,5,60,0,0,0,0,0
T Kohli,2008-2008,2,2,0,10,7,5,15,66.66,0,0,0,0,1
DS Kulkarni,2014-2015,19,4,2,39,28*,19.5,36,108.33,0,0,0,1,2
DS Lehmann,2008-2008,2,2,0,18,17,9,18,100,0,0,0,3,0
MJ Lumb,2010-2010,11,11,0,278,83,25.27,192,144.79,0,1,2,45,6
VS Malik,2013-2014,4,1,1,1,1*,-,2,50,0,0,0,0,0
DR Martyn,2010-2010,1,1,0,19,19,19,24,79.16,0,0,0,1,0
AD Mascarenhas,2008-2010,8,7,1,60,27,10,57,105.26,0,0,1,4,1
AL Menaria,2011-2013,29,23,2,401,40,19.09,356,112.64,0,0,1,24,18
M Morkel,2009-2010,4,3,1,17,8,8.5,24,70.83,0,0,0,2,0
CH Morris,2015-2015,11,7,5,76,34*,38,46,165.21,0,0,1,3,5
KK Nair,2014-2015,25,23,2,511,73*,24.33,377,135.54,0,4,0,56,14
S Narwal,2010-2010,5,3,1,14,12,7,12,116.66,0,0,1,2,0
AM Nayar,2014-2014,5,4,1,43,23,14.33,47,91.48,0,0,0,5,1
NV Ojha,2009-2010,22,22,3,545,94*,28.68,429,127.03,0,4,3,53,26
JDP Oram,2011-2011,2,1,0,0,0,0,3,0,0,0,1,0,0
Pankaj Singh,2008-2012,12,2,2,5,4*,-,8,62.5,0,0,0,0,0
MM Patel,2008-2010,30,9,5,37,23*,9.25,32,115.62,0,0,3,5,0
NK Patel,2008-2009,9,6,2,121,57,30.25,119,101.68,0,1,0,14,1
YK Pathan,2008-2010,43,42,4,1011,100,26.6,627,161.24,1,6,1,89,61
AG Paunikar,2010-2011,5,5,0,49,20,9.8,58,84.48,0,0,1,9,0
MDKJ Perera,2013-2013,2,2,0,14,14,7,13,107.69,0,0,1,3,0
RJ Quiney,2009-2009,7,7,0,103,51,14.71,102,100.98,0,1,0,12,3
AM Rahane,2011-2015,71,66,9,2047,103*,35.91,1693,120.9,1,15,4,218,39
AS Raut,2009-2011,22,16,7,194,36*,21.55,167,116.16,0,0,1,13,7
M Rawat,2008-2009,16,10,6,50,23*,12.5,58,86.2,0,0,1,4,1
KW Richardson,2014-2014,7,1,0,1,1,1,2,50,0,0,0,0,0
Sachin Baby,2013-2013,4,1,0,3,3,3,7,42.85,0,0,0,0,0
D Salunkhe,2008-2008,6,3,1,33,26*,16.5,24,137.5,0,0,0,5,0
SV Samson,2013-2015,38,34,3,749,76,24.16,614,121.98,0,4,2,60,30
OA Shah,2012-2013,15,15,4,365,76,33.18,279,130.82,0,3,0,26,16
PR Shah,2011-2011,2,1,0,5,5,5,5,100,0,0,0,1,0
R Shukla,2013-2013,3,1,1,1,1*,-,2,50,0,0,0,0,0
A Singh,2009-2012,23,5,1,2,1*,0.5,10,20,0,0,3,0,0
GC Smith,2008-2010,25,25,3,697,91,31.68,617,112.96,0,4,2,88,9
SPD Smith,2014-2015,24,19,4,440,79*,29.33,331,132.93,0,2,1,46,7
Sohail Tanvir,2008-2008,11,5,2,36,13,12,29,124.13,0,0,0,3,1
TG Southee,2014-2015,10,4,2,17,7*,8.5,13,130.76,0,0,0,2,0
BB Sran,2015-2015,1,-,-,-,-,-,-,-,-,-,-,-,-
S Sreesanth,2013-2013,7,3,2,1,1*,1,4,25,0,0,1,0,0
SW Tait,2010-2013,21,5,2,23,11,7.66,26,88.46,0,0,1,1,1
PV Tambe,2013-2015,26,5,3,11,3*,5.5,20,55,0,0,0,0,0
LRPL Taylor,2011-2011,12,11,6,181,47*,36.2,152,119.07,0,0,1,11,7
R Tewatia,2014-2015,4,1,0,16,16,16,13,123.07,0,0,0,0,1
J Theron,2015-2015,1,1,1,1,1*,-,1,100,0,0,0,0,0
SK Trivedi,2008-2013,76,15,8,42,9,6,59,71.18,0,0,1,3,1
A Uniyal,2010-2010,2,2,1,4,4*,4,7,57.14,0,0,1,0,0
PC Valthaty,2009-2009,2,2,0,6,5,3,12,50,0,0,0,1,0
AC Voges,2010-2010,9,7,3,181,45*,45.25,143,126.57,0,0,0,15,3
SB Wagh,2010-2010,1,-,-,-,-,-,-,-,-,-,-,-,-
SK Warne,2008-2011,55,29,9,198,34*,9.9,214,92.52,0,0,7,14,6
SR Watson,2008-2015,78,76,11,2372,104*,36.49,1679,141.27,2,14,2,237,109
DH Yagnik,2011-2014,25,17,7,170,34,17,137,124.08,0,0,1,23,2
Younis Khan,2008-2008,1,1,0,3,3,3,7,42.85,0,0,0,0,0
Anand Rajan,2013-2013,2,-,-,-,-,-,-,-,-,-,-,-,-
S Anirudha,2014-2014,1,1,0,3,3,3,5,60,0,0,0,0,0
Ankit Sharma,2013-2013,1,-,-,-,-,-,-,-,-,-,-,-,-
A Ashish Reddy,2013-2016,22,18,7,245,36*,22.27,164,149.39,0,0,0,14,13
Bipul Sharma,2015-2017,18,8,4,83,27*,20.75,51,162.74,0,0,0,3,6
RS Bopara,2015-2015,9,8,3,145,41,29,120,120.83,0,0,1,6,6
TA Boult,2015-2016,8,-,-,-,-,-,-,-,-,-,-,-,-
BCJ Cutting,2016-2017,8,7,3,116,39*,29,60,193.33,0,0,1,9,9
Q de Kock,2013-2013,3,3,0,6,4,2,15,40,0,0,1,1,0
S Dhawan,2013-2017,69,69,9,2021,82*,33.68,1663,121.52,0,15,2,235,35
AJ Finch,2014-2014,13,13,2,309,88*,28.09,263,117.49,0,2,0,31,9
MC Henriques,2014-2017,42,37,10,755,74*,27.96,586,128.83,0,5,2,63,23
JO Holder,2014-2014,1,1,0,16,16,16,12,133.33,0,0,0,2,1
DJ Hooda,2016-2017,27,21,4,222,34,13.05,173,128.32,0,0,0,14,9
CJ Jordan,2017-2017,1,1,0,0,0,0,1,0,0,0,1,0,0
S Kaul,2017-2017,10,1,1,0,0*,-,2,0,0,0,0,0,0
B Kumar,2014-2017,59,15,6,65,21,7.22,45,144.44,0,0,2,8,2
P Kumar,2015-2015,12,4,1,17,12,5.66,25,68,0,0,1,1,0
A Mishra,2013-2014,27,10,3,93,30,13.28,103,90.29,0,0,3,9,0
Mohammad Nabi,2017-2017,3,1,0,2,2,2,3,66.66,0,0,0,0,0
Mohammed Siraj,2017-2017,6,-,-,-,-,-,-,-,-,-,-,-,-
EJG Morgan,2015-2016,16,15,2,310,63,23.84,256,121.09,0,2,1,19,15
Mustafizur Rahman,2016-2017,17,-,-,-,-,-,-,-,-,-,-,-,-
A Nehra,2016-2017,14,4,4,1,1*,-,1,100,0,0,0,0,0
NV Ojha,2014-2017,56,39,9,584,79*,19.46,485,120.41,0,1,3,35,29
Parvez Rasool,2014-2015,5,2,2,2,2*,-,2,100,0,0,0,0,0
PA Patel,2013-2013,13,13,0,294,61,22.61,255,115.29,0,1,0,37,4
IK Pathan,2014-2014,10,6,4,55,23*,27.5,54,101.85,0,0,0,5,0
NLTC Perera,2013-2013,16,14,4,233,40,23.3,163,142.94,0,0,0,12,14
KL Rahul,2014-2015,20,16,3,308,46,23.69,290,106.2,0,0,0,20,8
Rashid Khan,2017-2017,14,3,1,11,6*,5.5,9,122.22,0,0,0,0,1
DB Ravi Teja,2013-2013,2,2,1,14,10,14,17,82.35,0,0,0,0,0
PA Reddy,2013-2013,7,7,0,91,27,13,101,90.09,0,0,0,9,0
BB Samantray,2013-2013,8,7,2,123,55,24.6,111,110.81,0,1,1,13,2
DJG Sammy,2013-2014,20,18,5,282,60,21.69,223,126.45,0,1,2,15,18
KC Sangakkara,2013-2013,9,9,0,120,28,13.33,136,88.23,0,0,0,13,0
V Shankar,2017-2017,4,4,2,101,63*,50.5,75,134.66,0,1,0,12,1
I Sharma,2013-2015,23,2,2,0,0*,-,0,-,0,0,0,0,0
KV Sharma,2013-2016,46,27,13,267,39*,19.07,230,116.08,0,0,1,13,12
BB Sran,2016-2017,15,4,4,4,2*,-,4,100,0,0,0,0,0
DW Steyn,2013-2015,37,15,9,95,19*,15.83,75,126.66,0,0,2,9,2
AP Tare,2016-2016,3,2,0,8,8,4,15,53.33,0,0,1,1,0
X Thalaivan Sargunam,2013-2013,1,1,0,10,10,10,17,58.82,0,0,0,0,0
Y Venugopal Rao,2014-2014,7,5,2,71,27,23.66,63,112.69,0,0,0,8,0
GH Vihari,2013-2015,22,21,3,280,46,15.55,313,89.45,0,0,0,23,1
DA Warner,2014-2017,59,59,10,2579,126,52.63,1746,147.7,1,26,2,255,102
CL White,2013-2013,13,13,1,209,52,17.41,191,109.42,0,1,2,18,7
KS Williamson,2015-2017,15,15,2,411,89,31.61,318,129.24,0,3,0,35,11
Yuvraj Singh,2016-2017,22,21,3,488,70*,27.11,356,137.07,0,2,1,52,21
